{"cameraMode":{"drawMode":0,"name":"Shaded","section":"Shading Mode"},"sceneLighting":false,"audioPlay":false,"sceneViewState":{"showFog":true,"showMaterialUpdate":false,"showSkybox":false,"showFlares":true,"showImageEffects":true,"showParticleSystems":true},"in2DMode":false,"pivot":{"x":1.3559683561325074,"y":0.868992030620575,"z":-0.7524746656417847},"rotation":{"x":-0.03165867179632187,"y":0.5460416674613953,"z":-0.020655842497944833,"w":-0.8369048237800598},"size":0.3073950409889221,"orthographic":false}